account_value,datadate,daily_return
1000000.0,20160104,
1000131.9510000001,20160105,0.00013195100000018556
996944.6430000005,20160106,-0.0031868874870087938
988886.8650000006,20160107,-0.00808247283996888
984047.7310000006,20160108,-0.004893516307348245
986820.7760000004,20160111,0.002817998469628824
993310.2420000007,20160112,0.006576134347621609
977282.6060000006,20160113,-0.016135579119499366
994473.2420000007,20160114,0.017590240422226566
970494.9462600006,20160115,-0.024111554466540452
970371.3742200008,20160119,-0.00012732888561239886
948723.7833267422,20160120,-0.022308562956794953
958053.7998119448,20160121,0.009834281219857743
974154.973163068,20160122,0.01680612649757629
965843.4877382435,20160125,-0.008531995066285103
983474.718518389,20160126,0.01825474935015947
959424.3983220212,20160127,-0.024454436645407363
965015.3711899448,20160128,0.005827424107310408
987118.7678254105,20160129,0.022904709391530664
986012.9070125041,20160201,-0.0011202915484451736
967220.2256508559,20160202,-0.019059265074518716
986232.5269094376,20160203,0.01965664153247837
993297.4100040487,20160204,0.007163506477271042
984747.7667696023,20160205,-0.008607334669695321
976258.127390885,20160208,-0.00862113087757177
970175.8942809516,20160209,-0.006230148502003874
960108.4820809514,20160210,-0.010376893777041984
939487.9123109514,20160211,-0.021477333191877168
950885.1078909514,20160212,0.012131284959234101
965387.7247809515,20160216,0.015251702618591434
980556.0654409514,20160217,0.015712174777695154
986302.2708809514,20160218,0.005860149809400195
981714.1008809516,20160219,-0.004651890333682074
991933.9108809514,20160222,0.010410169305736794
982460.0079183334,20160223,-0.009550941709618677
984281.4152056256,20160224,0.0018539251192029038
995141.234826434,20160225,0.011033246643735284
992700.4986141905,20160226,-0.002452653077599787
985778.0217142294,20160229,-0.006973379090294496
1006289.412249882,20160301,0.020807311670414608
1010248.7690925334,20160302,0.0039346104554542904
1011117.497928593,20160303,0.0008599157580166938
1016267.501835148,20160304,0.005093378284032779
1024297.6665876508,20160307,0.00790162505246128
1014722.0624876141,20160308,-0.009348458375324498
1017479.1929285928,20160309,0.002717128702434568
1016974.0157417031,20160310,-0.000496498788771893
1028051.5281138348,20160311,0.010892620854282775
1031415.3903007242,20160314,0.003272075469856084
1035579.1575581095,20160315,0.004036945052925178
1041104.2958531138,20160316,0.005335312375378987
1052014.7073206923,20160317,0.010479652721669064
1060486.9910535037,20160318,0.008053389058019
1066245.1723591979,20160321,0.005429751948181849
1066239.3119232543,20160322,-5.496330577114961e-06
1058296.5434458528,20160323,-0.007449329984911657
1059061.9884453188,20160324,0.0007232802603451827
1056646.4958360658,20160328,-0.0022807849168478
1064942.349965781,20160329,0.007851115924206065
1065122.8475744994,20160330,0.00016949049751313616
1059695.122941295,20160331,-0.005095867247204899
1064860.8992138014,20160401,0.004874775924388786
1066660.587222529,20160404,0.0016900686371867923
1066660.587222529,20160405,0.0
1072369.551623038,20160406,0.005352184630140311
1058948.8618911423,20160407,-0.012514985819565116
1062454.2279091536,20160408,0.0033102316307807023
1061027.242006218,20160411,-0.0013431034160819033
1071249.837062864,20160412,0.009634620725964549
1082292.7028441094,20160413,0.010308394362534834
1082624.7922066469,20160414,0.0003068387707547693
1078247.3403522258,20160415,-0.004043369305721134
1081230.034287215,20160418,0.002766242793619922
1080264.8821667084,20160419,-0.0008926427216229271
1081482.752719553,20160420,0.001127381416307749
1076325.3354855771,20160421,-0.004768839097069932
1075831.1326164498,20160422,-0.00045915751755887246
1074095.7927138277,20160425,-0.0016130225739069415
1076283.2538770773,20160426,0.0020365605917911367
1074229.8084185869,20160427,-0.0019079043096631443
1059401.8554621316,20160428,-0.013803334109936949
1054185.9648172222,20160429,-0.004923429780698374
1058943.157911181,20160502,0.004512669730699415
1054851.6695941782,20160503,-0.00386374687483082
1048175.80606277,20160504,-0.00632872253401906
1049242.220721465,20160505,0.0010174005663237118
1051035.5884192863,20160506,0.0017092027583374136
1051218.288998068,20160509,0.00017382910797203444
1062963.8758290221,20160510,0.011173309058529535
1050369.3749304295,20160511,-0.011848474990525881
1048558.6650959477,20160512,-0.001723879120715699
1039007.4640206926,20160513,-0.009108885743060569
1053059.4910746291,20160516,0.013524471710298247
1042834.4437329121,20160517,-0.009709847761100954
1044285.3263714581,20160518,0.001391287607793723
1038238.9659555288,20160519,-0.0057899505654631644
1043453.9713791922,20160520,0.005022933635383087
1044275.4528394605,20160523,0.0007872713917438379
1055692.7295137108,20160524,0.010933204111239103
1066256.9418651026,20160525,0.010006900735461288
1065102.1506620802,20160526,-0.001083032764131464
1067785.8272051907,20160527,0.0025196424037283727
1064341.593385898,20160531,-0.0032255848799824793
1061632.4479732532,20160601,-0.0025453721150053843
1064230.858510352,20160602,0.0024475613401411245
1062914.216051901,20160603,-0.0012371774863716434
1069125.394994077,20160606,0.005843537369597751
1071717.4546275171,20160607,0.002424467368913774
1073755.8541525758,20160608,0.0019019933997128646
1074422.063745465,20160609,0.0006204479261393558
1072028.2254447874,20160610,-0.002228024145681129
1063853.689636219,20160613,-0.007625299049543899
1062498.1857898578,20160614,-0.0012741449877612387
1057956.039602315,20160615,-0.00427496841716124
1064078.1691626508,20160616,0.005786752314053789
1053499.3014069442,20160617,-0.009941814485331824
1057699.9910956344,20160620,0.003987368271701985
1061810.0852190559,20160621,0.0038858789430109564
1059460.3807672856,20160622,-0.002212923463884353
1073534.9414725387,20160623,0.013284650337807014
1038304.7328381188,20160624,-0.032817011606623314
1024564.8808306536,20160627,-0.01323296675139718
1041346.4127762706,20160628,0.016379179356617923
1058215.987060576,20160629,0.016199771831287624
1068838.8830663348,20160630,0.0100384951046395
1071581.670073945,20160701,0.0025661370025589214
1071581.670073945,20160705,0.0
1068263.8411479394,20160706,-0.003096197908813325
1066663.3328791384,20160707,-0.0014982331210248168
1080728.868857092,20160708,0.01318648119270005
1085211.3117603015,20160711,0.004147610961803716
1093271.204735744,20160712,0.007427026320218522
1095007.183945631,20160713,0.0015878760936600678
1105624.108885013,20160714,0.009695758251673015
1105354.4132403142,20160715,-0.00024393068361250325
1108577.6039497543,20160718,0.002915979409709335
1107312.1078623077,20160719,-0.0011415493899008533
1113457.0576705576,20160720,0.005549428895989417
1109223.3794196865,20160721,-0.0038022824694544655
1112492.6480558591,20160722,0.0029473491965910092
1104787.8303037279,20160725,-0.006925724646896225
1100563.1576036126,20160726,-0.003823967448079002
1111413.5388051795,20160727,0.009858935515516087
1112205.7798883638,20160728,0.0007128229552033627
1111008.2631577249,20160729,-0.0010767042864667786
1109047.355867045,20160801,-0.0017649799337284833
1102955.5396657726,20160802,-0.005492836864941508
1107995.841128028,20160803,0.004569813814782497
1108462.5497406898,20160804,0.000421218740484397
1118158.4839688316,20160805,0.008747191531558673
1120310.112977801,20160808,0.0019242612204060094
1121547.0989921235,20160809,0.0011041460752636567
1115914.7013630562,20160810,-0.005021989387809844
1120295.531212625,20160811,0.003925774832267859
1118147.6852227673,20160812,-0.001917213744067059
1123585.7295479309,20160815,0.004863440131417152
1119243.0541225846,20160816,-0.003865014756901153
1119346.9682985411,20160817,9.284326185787783e-05
1122182.8802402972,20160818,0.002533541450571608
1118997.547562703,20160819,-0.002838514767675049
1116570.0756832606,20160822,-0.0021693272561050803
1119690.423025213,20160823,0.002794582632928755
1116217.2009292566,20160824,-0.003101948560542578
1114205.404815694,20160825,-0.001802333911256393
1110188.412896971,20160826,-0.003605252587504326
1115136.7037544318,20160829,0.004457163126525998
1110876.0543531796,20160830,-0.0038207417861033655
1107204.4273797232,20160831,-0.003305163487023144
1107851.054187041,20160901,0.0005840175412306081
1114081.648467318,20160902,0.005624036062184423
1117606.122770955,20160906,0.0031635691230404994
1119328.0410065495,20160907,0.001540720116426364
1113291.4757983598,20160908,-0.0053930259825898386
1089792.3694302354,20160909,-0.021107775348116142
1105013.24811812,20160912,0.013966769372630417
1095562.0386321992,20160913,-0.008553028212120228
1098623.3453230034,20160914,0.0027942796326041464
1114567.1644859188,20160915,0.014512543567174907
1106644.8559694476,20160916,-0.00710796869753938
1104079.3184907592,20160919,-0.0023183024480251113
1100255.038945431,20160920,-0.003463772467503512
1108007.4477026504,20160921,0.007046010681896142
1114580.9361739377,20160922,0.005932711449653905
1105403.73149763,20160923,-0.008233771436833126
1099588.9911370536,20160926,-0.00526028653141819
1107257.1255802924,20160927,0.0069736369725832414
1122099.4343059284,20160928,0.01340457277965812
1111989.7852727969,20160929,-0.009009583931734899
1121875.7892297124,20160930,0.008890372994289963
1121875.7892297124,20161003,0.0
1113515.3715952393,20161004,-0.007452177607124799
1118748.0955830421,20161005,0.004699283118387854
1116975.3255928424,20161006,-0.001584601571344657
1115786.8168572935,20161007,-0.0010640420681792273
1127700.6111838226,20161010,0.010677482603787425
1118497.2633002552,20161011,-0.008161162450649129
1116531.4040307773,20161012,-0.001757589700020712
1111361.754454967,20161013,-0.004630097780633169
1113913.7393870922,20161014,0.002296268448950478
1113214.6637674968,20161017,-0.000627585058767699
1113804.1393289585,20161018,0.0005295255090034257
1114934.9267384002,20161019,0.0010152479861702535
1117285.1432357614,20161020,0.002107940509350037
1118265.0592399943,20161021,0.0008770509571038865
1124916.1608525987,20161024,0.005947696887824483
1124474.1046394648,20161025,-0.00039296814155365123
1118426.5492818009,20161026,-0.005378118831471768
1113498.480576415,20161027,-0.004406251540211015
1105897.1162711373,20161028,-0.0068265601057155845
1101988.4637123991,20161031,-0.003534372683706155
1096039.6117067202,20161101,-0.0053982888220429626
1092087.298731245,20161102,-0.003605994649518829
1087249.911121138,20161103,-0.004429488023280803
1082945.9702956656,20161104,-0.0039585570727104225
1105724.8098268542,20161107,0.021034142197296823
1108294.5669344321,20161108,0.002324047615410274
1118721.3659660579,20161109,0.009407967288395547
1115726.775987235,20161110,-0.0026767969844189166
1115916.002201268,20161111,0.00016959906144187187
1111036.5120017466,20161114,-0.004372632160392076
1122415.8816621443,20161115,0.010242120342107919
1124736.9471398809,20161116,0.002067919311957045
1121934.5465529356,20161117,-0.0024916053429839824
1120775.9653363088,20161118,-0.0010326638217768025
1130041.349974404,20161121,0.008266937304740596
1130643.7920097322,20161122,0.0005331150363141468
1131154.272929623,20161123,0.0004514957969063982
1135325.2538809194,20161125,0.003687367011834475
1131403.464403153,20161128,-0.0034543312274262217
1129137.9556632044,20161129,-0.0020023880173848374
1129286.7904880226,20161130,0.00013181279052010275
1125763.8912261077,20161201,-0.003119578916169319
1124327.8955369315,20161202,-0.0012755744791319579
1127428.210117258,20161205,0.0027574825748193366
1129929.9385701646,20161206,0.0022189691817686708
1143349.2803628428,20161207,0.011876260053485632
1147517.2443600628,20161208,0.0036453987148155065
1157065.4403522052,20161209,0.008320742924841307
1160739.2680317669,20161212,0.0031751252361693627
1173564.8857539285,20161213,0.011049525139189553
1166667.6129211644,20161214,-0.005877197687568114
1172757.1408182029,20161215,0.00521959110683734
1170343.2971441885,20161216,-0.0020582638894274252
1171859.7289590016,20161219,0.001295715384121321
1175208.8015038553,20161220,0.002857912480556557
1173557.5061143336,20161221,-0.0014051080858215048
1172026.5154648388,20161222,-0.0013045723294496936
1172811.058389088,20161223,0.0006693900811092224
1174937.2719891064,20161227,0.0018129208322259505
1168910.3093889859,20161228,-0.00512960371911364
1167802.4027142115,20161229,-0.000947811535132681
1163090.1540989794,20161230,-0.0040351420790707415
1163090.1540989794,20170103,0.0
1170326.7231639742,20170104,0.006221847067909181
1167721.490239297,20170105,-0.0022260731752189455
1173640.9949067454,20170106,0.005069277834593322
1170715.1511317485,20170109,-0.0024929631699082133
1168845.1320873594,20170110,-0.0015973305227845458
1175057.3939314906,20170111,0.0053148716400410745
1170286.9868610576,20170112,-0.004059722610205707
1169654.0340436895,20170113,-0.000540852649370871
1168474.2338994618,20170117,-0.0010086744540596104
1166512.3349150592,20170118,-0.0016790263126773564
1159578.2477382887,20170119,-0.0059442896309153115
1166079.6565725775,20170120,0.005606701270026049
1164419.9527792041,20170123,-0.0014233193967655433
1169367.9324063372,20170124,0.004249308520799078
1177758.279898243,20170125,0.0071751133748299
1179371.2382664757,20170126,0.0013695156262216734
1182112.6248556671,20170127,0.0023244475532748776
1174128.9963025285,20170130,-0.006753695363090562
1166023.8548185823,20170131,-0.006903109887814951
1180569.2958122,20170201,0.012474394013046064
1181886.3068266485,20170202,0.0011155728165388457
1194040.7701458524,20170203,0.0102839530748422
1195382.969503914,20170206,0.0011240816826527666
1197077.5270610875,20170207,0.0014175854938578425
1193755.439907631,20170208,-0.002775164580703926
1200194.3445130156,20170209,0.005393822210253418
1202603.0134259926,20170210,0.0020068990692956312
1211381.651605282,20170213,0.0072996974739658604
1217234.966305254,20170214,0.004831932770498426
1224751.5913304277,20170215,0.006175163574202447
1223900.0127624332,20170216,-0.0006953071741425676
1224404.876910207,20170217,0.0004125044060048211
1229865.6063547328,20170221,0.0044599050097757775
1230325.6878727176,20170222,0.00037409088896178666
1231436.81392854,20170223,0.0009031153838165995
1230844.7519045228,20170224,-0.0004807896087891672
1230976.6904773978,20170227,0.00010719351296817337
1228742.2627639836,20170228,-0.0018151665508366888
1248861.710369464,20170301,0.016374017737635915
1243198.9324878808,20170302,-0.0045343514294372556
1243107.605755736,20170303,-7.346107670969104e-05
1241614.933576267,20170306,-0.001200758625043874
1240171.3158066708,20170307,-0.00116269362630661
1234856.9766020852,20170308,-0.004285165393564161
1236717.5424250928,20170309,0.0015067055199600166
1240730.0558138466,20170310,0.0032444865145890844
1239372.586664749,20170313,-0.0010940890347072019
1235963.6664637427,20170314,-0.0027505208987880225
1244586.75237224,20170315,0.006976811812898109
1244363.667102115,20170316,-0.00017924445178263415
1242783.8446898502,20170317,-0.0012695825617794476
1245918.2817474059,20170320,0.002522109593674271
1234186.442749367,20170321,-0.009416218679755506
1237742.4329786107,20170322,0.002881242335900369
1237356.4652605648,20170323,-0.00031183201590423426
1233678.8201763954,20170324,-0.0029721791475789683
1233585.2376128512,20170327,-7.585650496189089e-05
1243794.7711423864,20170328,0.008276309750019362
1242397.3933043713,20170329,-0.0011234794279860738
1246680.6595599016,20170330,0.0034475814893157875
1241095.0485621807,20170331,-0.004480386340229847
1239545.9355141814,20170403,-0.0012481824416220588
1239545.9355141814,20170404,0.0
1239368.546929944,20170405,-0.00014310771319958615
1239175.2314862642,20170406,-0.00015597898152153178
1236436.5750243757,20170407,-0.0022100639137240252
1236787.7557080449,20170410,0.00028402644402714117
1232510.5397556126,20170411,-0.0034583265662939677
1231055.2969113071,20170412,-0.001180714320377363
1222297.5209909293,20170413,-0.0071140394280833075
1229425.471863349,20170417,0.0058316005309746455
1223911.568797186,20170418,-0.004484942920375601
1218509.5250237896,20170419,-0.004413753338981308
1229903.6910152952,20170420,0.009350904328206289
1228604.5558832574,20170421,-0.0010562901319252083
1241281.8423639291,20170424,0.010318443326590154
1249353.839002768,20170425,0.006502952321824296
1244731.5146325182,20170426,-0.0036997720148996827
1245746.404403772,20170427,0.0008153483376320825
1245782.969963365,20170428,2.9352330027876405e-05
1250049.8543540223,20170501,0.0034250623852907225
1248799.8283415493,20170502,-0.0009999809272559501
1248444.1225385189,20170503,-0.0002848381261413291
1248758.5002499379,20170504,0.0002518156045139275
1249644.0985380865,20170505,0.0007091829909235958
1249623.8006940573,20170508,-1.62428999208597e-05
1249377.129834417,20170509,-0.00019739609593161234
1249377.129834417,20170510,0.0
1249377.129834417,20170511,0.0
1249277.3023757522,20170512,-7.990178168060247e-05
1249161.6672115212,20170515,-9.256164665050193e-05
1249161.6672115212,20170516,0.0
1249161.6672115212,20170517,0.0
1249161.6672115212,20170518,0.0
1249161.6672115212,20170519,0.0
1249161.6672115212,20170522,0.0
1248763.5268958223,20170523,-0.00031872601133176026
1248941.1898835294,20170524,0.00014227112169806766
1248778.0636271571,20170525,-0.00013061163943794973
1248854.3936745836,20170526,6.112378944655994e-05
1248183.3436132213,20170530,-0.0005373325063042778
1247439.070027437,20170531,-0.0005962854652664662
1249818.056374593,20170601,0.0019070962296408034
1251254.824711903,20170602,0.0011495819971409915
1250559.3615233237,20170605,-0.0005558125929620017
1249540.1807784492,20170606,-0.0008149799011804015
1250027.6290427144,20170607,0.000390102112571844
1249940.3140928363,20170608,-6.985041598228658e-05
1250961.2610162671,20170609,0.0008167965397385402
1249534.6943516305,20170612,-0.0011403763722288573
1251135.9846309377,20170613,0.0012815092582427745
1252924.3569815662,20170614,0.0014293988603932828
1253314.3709294137,20170615,0.0003112829163822717
1254401.6029378143,20170616,0.00086748547181692
1256269.7695836285,20170619,0.0014892891091966565
1255438.4097927264,20170620,-0.0006617685237921833
1251225.7416209811,20170621,-0.003355535515629726
1250048.2731815202,20170622,-0.0009410519623226365
1246956.9363396943,20170623,-0.0024729739708035936
1248176.908244731,20170626,0.0009783592917151918
1245596.941747397,20170627,-0.0020669878446654133
1249854.6508471954,20170628,0.0034182077340567663
1243186.6659371296,20170629,-0.005335008279199527
1246877.6925743828,20170630,0.002969004364658856
1251205.0037821694,20170703,0.0034705177849900792
1251205.0037821694,20170705,0.0
1242479.716521768,20170706,-0.006973507326158868
1247936.7894990123,20170707,0.004392082144021758
1246468.0912993527,20170710,-0.001176901115519824
1245027.6242382978,20170711,-0.0011556389378193366
1252745.1089825884,20170712,0.006198645390709467
1252388.7785192851,20170713,-0.00028443971622660325
1256778.686020317,20170714,0.0035052274312310505
1254708.3892312015,20170717,-0.0016473041850123549
1254667.8653157405,20170718,-3.229747709410091e-05
1253806.4257090532,20170719,-0.0006865877659746333
1254717.980826309,20170720,0.000727030184695554
1251616.65967112,20170721,-0.0024717276731353044
1246499.8281628643,20170724,-0.00408817785279425
1248964.8436899432,20170725,0.001977549833048764
1250857.707548655,20170726,0.0015155461486966448
1254078.4231856146,20170727,0.0025748057652945633
1252824.3624620873,20170728,-0.000999985886322663
1253505.6474620877,20170731,0.0005437992909569367
1255299.0114620877,20170801,0.001430678835496968
1258528.3584620876,20170802,0.002572571929486678
1259209.5484620878,20170803,0.0005412591583018322
1263826.5074620876,20170804,0.0036665533593187583
1264864.7289120876,20170807,0.0008214904845482707
1262787.4354020874,20170808,-0.001642304874598599
1261789.7347720878,20170809,-0.0007900780464148438
1250571.1126820876,20170810,-0.008891039276069712
1250961.9825312921,20170811,0.0003125530769427787
1256935.5084528944,20170814,0.00477514585176686
1256446.22737587,20170815,-0.00038926506072423095
1257096.2573759465,20170816,0.0005173560045097503
1242747.9273733522,20170817,-0.011413867409441614
1235905.1073719026,20170818,-0.005506201097363772
1236116.2173719788,20170821,0.00017081408501096185
1246974.3073713686,20170822,0.00878403652245141
1244265.7473709108,20170823,-0.0021721056997296984
1245155.307369919,20170824,0.0007149276598570342
1245176.5073711395,20170825,1.7025989525132346e-05
1245106.6073699952,20170828,-5.61366205759084e-05
1251717.9173702241,20170829,0.005309834484128029
1250541.1373697664,20170830,-0.0009401319451670664
1256029.1873709871,20170831,0.004388540158513754
1256339.487372742,20170901,0.0002470484005268059
1244690.72737381,20170905,-0.009271984297247515
1245766.007374115,20170906,0.0008638933163531703
1244711.4773765565,20170907,-0.0008464912281410664
1241612.4173767092,20170908,-0.0024897818138377437
1254723.6673783876,20170911,0.01055985734210041
1256288.9173799134,20170912,0.0012474858347066853
1261813.9673810578,20170913,0.004397913509152973
1266999.7773752594,20170914,0.0041098055087827046
1271648.6473757937,20170915,0.0036691955938341625
1275196.2173752594,20170918,0.002789740709264743
1276133.6073742677,20170919,0.0007350947142374942
1278662.3273727421,20170920,0.0019815480008220643
1274277.3673698427,20170921,-0.0034293338507197513
1274164.3373705293,20170922,-8.87012531241016e-05
1272392.4373720551,20170925,-0.001390636942586898
1273016.6373711398,20170926,0.0004905719184986612
1277267.3273640443,20170927,0.003339068687807867
1277781.5573661043,20170928,0.0004026017036866669
1277854.6373668672,20170929,5.719287490224545e-05
1284802.9673652651,20171002,0.005437496406254461
1284802.9673652651,20171003,0.0
1290795.5603710315,20171004,0.004664211679130448
1294212.4789304922,20171005,0.002647141549261711
1291841.1972218615,20171006,-0.0018322197840267007
1292471.0218533478,20171009,0.0004875402896584724
1295313.8530391213,20171010,0.002199531856193593
1297105.7449606163,20171011,0.0013833650565002742
1294828.7049536828,20171012,-0.0017554775435850711
1295127.4004424007,20171013,0.00023068340049547942
1295603.0401990872,20171016,0.0003672532574974241
1303421.2144427528,20171017,0.006034390165111203
1311746.4180429608,20171018,0.006387193570243754
1313186.1635700194,20171019,0.001097579156500883
1323158.1640821542,20171020,0.007593744732296681
1321536.3793797228,20171023,-0.0012256922463660391
1322714.0111072054,20171024,0.0008911080662308279
1314808.3344228363,20171025,-0.005976860166281517
1322596.8062570496,20171026,0.0059236556616688585
1318707.6321765224,20171027,-0.0029405591047309
1315445.1060827204,20171030,-0.0024740329199559596
1315979.6098492509,20171031,0.0004063292067899571
1319213.1854107848,20171101,0.002457162358240783
1323204.3465916738,20171102,0.0030254103165638924
1322354.8969708958,20171103,-0.0006419640495937129
1322783.5569174131,20171106,0.00032416407085511523
1323492.224211718,20171107,0.0005357394190446119
1323186.5685642008,20171108,-0.00023094631152764666
1313591.869073647,20171109,-0.007251206835453994
1310645.244949744,20171110,-0.0022431808488438953
1310578.3051132406,20171113,-5.107395518455515e-05
1313374.4517770682,20171114,0.0021335212500606104
1304678.3852076428,20171115,-0.006621163185913326
1310936.8127070935,20171116,0.004796912074583659
1304225.49839058,20171117,-0.0051194796358297046
1307095.8184847995,20171120,0.002200785138583239
1315015.6272115435,20171121,0.00605908810566369
1310265.2895830765,20171122,-0.0036123811232113834
1311138.2108657428,20171124,0.0006662172077718242
1310681.102853446,20171127,-0.00034863449826150195
1327280.555791609,20171128,0.012664753388161865
1332867.4661999005,20171129,0.004209291233803425
1354304.590357165,20171130,0.01608346268544114
1348812.2154186286,20171201,-0.004055494589358166
1354917.8609387616,20171204,0.004526683144130628
1348812.9315540923,20171205,-0.0045057560761945226
1347831.8512814096,20171206,-0.000727365707824501
1353839.79410817,20171207,0.00445748690465253
1359510.0855379605,20171208,0.004188303117154124
1361972.5495237098,20171211,0.001811287766044778
1370535.5493768032,20171212,0.006287204434544558
1371758.792704523,20171213,0.0008925294409736217
1365150.0347947686,20171214,-0.0048177259332341515
1377626.605053948,20171215,0.009139339956179438
1387908.5088963823,20171218,0.00746349105389954
1384936.337592977,20171219,-0.0021414749490717977
1383514.100958827,20171220,-0.001026932860048957
1390656.6056270043,20171221,0.005162581764238894
1389639.1561331009,20171222,-0.0007316324459873957
1387647.3021240693,20171226,-0.0014333605959796492
1389628.2132663443,20171227,0.0014275321540586638
1393429.3750246777,20171228,0.002735380385951336
1387099.862295177,20171229,-0.004542399380225937
1394116.3878701779,20180102,0.005058414152958601
1394116.3878701779,20180103,0.0
1410933.446400348,20180104,0.01206287988326582
1421002.1238473644,20180105,0.007136181704887834
1419581.1278293058,20180108,-0.0009999957031811002
1419581.1278293058,20180109,0.0
1419581.1278293058,20180110,0.0
1419581.1278293058,20180111,0.0
1419581.1278293058,20180112,0.0
1419581.1278293058,20180116,0.0
1419581.1278293058,20180117,0.0
1419581.1278293058,20180118,0.0
1419581.1278293058,20180119,0.0
1419581.1278293058,20180122,0.0
1419581.1278293058,20180123,0.0
1419581.1278293058,20180124,0.0
1419581.1278293058,20180125,0.0
1419581.1278293058,20180126,0.0
1419581.1278293058,20180129,0.0
1419581.1278293058,20180130,0.0
1419581.1278293058,20180131,0.0
1419581.1278293058,20180201,0.0
1419581.1278293058,20180202,0.0
1419581.1278293058,20180205,0.0
1419581.1278293058,20180206,0.0
1419581.1278293058,20180207,0.0
1419581.1278293058,20180208,0.0
1419581.1278293058,20180209,0.0
1419581.1278293058,20180212,0.0
1419581.1278293058,20180213,0.0
1419581.1278293058,20180214,0.0
1419581.1278293058,20180215,0.0
1419581.1278293058,20180216,0.0
1419581.1278293058,20180220,0.0
1419581.1278293058,20180221,0.0
1419581.1278293058,20180222,0.0
1419581.1278293058,20180223,0.0
1419581.1278293058,20180226,0.0
1419581.1278293058,20180227,0.0
1419581.1278293058,20180228,0.0
1419581.1278293058,20180301,0.0
1419581.1278293058,20180302,0.0
1419581.1278293058,20180305,0.0
1419581.1278293058,20180306,0.0
1419581.1278293058,20180307,0.0
1419581.1278293058,20180308,0.0
1419581.1278293058,20180309,0.0
1419581.1278293058,20180312,0.0
1419581.1278293058,20180313,0.0
1419581.1278293058,20180314,0.0
1419581.1278293058,20180315,0.0
1419581.1278293058,20180316,0.0
1416186.5137861012,20180319,-0.002391278650199613
1418175.1115880816,20180320,0.001404192020346251
1417326.713205543,20180321,-0.0005982324577593623
1390318.2159607187,20180322,-0.01905594313095238
1372457.2509535179,20180323,-0.012846674093857535
1407733.4566870912,20180326,0.025702954105903952
1386099.3233748565,20180327,-0.015368060771353442
1380692.029923323,20180328,-0.0039010865674241613
1394424.9214703378,20180329,0.009946382864089776
1373301.624058805,20180402,-0.015148393496338008
1399132.8195789396,20180403,0.018809557250642595
1408335.86664137,20180404,0.006577679355130872
1408335.86664137,20180405,0.0
1391492.218746575,20180406,-0.011959965157291697
1394631.3527889957,20180409,0.002255947967318317
1427826.3200127752,20180410,0.02380196541358104
1410925.8682052544,20180411,-0.011836489894211821
1435873.6268123528,20180412,0.01768183514760624
1423103.5962767054,20180413,-0.008893561590094023
1436422.0497132032,20180416,0.009358737811739903
1447071.6064993946,20180417,0.0074139468886025295
1447673.138845342,20180418,0.00041568941249736646
1440354.7378978631,20180419,-0.005055285444693691
1438927.2821338628,20180420,-0.000991044585366252
1438927.2821338628,20180423,0.0
1438927.2821338628,20180424,0.0
1438927.2821338628,20180425,0.0
1438927.2821338628,20180426,0.0
1438927.2821338628,20180427,0.0
1438927.2821338628,20180430,0.0
1438927.2821338628,20180501,0.0
1438927.2821338628,20180502,0.0
1438927.2821338628,20180503,0.0
1438927.2821338628,20180504,0.0
1438927.2821338628,20180507,0.0
1438927.2821338628,20180508,0.0
1438927.2821338628,20180509,0.0
1438927.2821338628,20180510,0.0
1438927.2821338628,20180511,0.0
1438927.2821338628,20180514,0.0
1438927.2821338628,20180515,0.0
1439418.0151577366,20180516,0.00034104087813657813
1439340.2278236712,20180517,-5.404082292026491e-05
1438544.600906289,20180518,-0.0005527719589865088
1439714.491643247,20180521,0.0008132460656562479
1438328.065059551,20180522,-0.0009629871698474401
1438382.5909492357,20180523,3.790921626944943e-05
1437489.7038833187,20180524,-0.0006207576979416762
1435824.0970274368,20180525,-0.00115869132932378
1428140.7571002087,20180529,-0.005351170761888513
1433946.9700096566,20180530,0.004065574685535367
1428378.4836522543,20180531,-0.0038833279569361334
1434575.0274389726,20180601,0.004338166569741508
1439135.3645068554,20180604,0.003178876657307983
1439591.6542204244,20180605,0.00031705823150640633
1447698.6095034047,20180606,0.005631426980847953
1451016.2860131334,20180607,0.0022916900575504773
1451994.297671493,20180608,0.0006740183882061324
1452569.77853428,20180611,0.00039633823886897623
1452726.6623377062,20180612,0.00010800431465995963
1449208.2891757537,20180613,-0.0024219099526202603
1448706.0849181204,20180614,-0.00034653697566067176
1446690.4469779325,20180615,-0.0013913366977414965
1442778.8836123685,20180618,-0.002703801199306355
1432937.3140900638,20180619,-0.006821259746790709
1433784.4592553796,20180620,0.0005911948533867672
1425358.267652821,20180621,-0.0058768886412220445
1428988.929745139,20180622,0.0025471926425184588
1414125.45551507,20180625,-0.01040139214564817
1415752.8252093485,20180626,0.0011507958420038378
1406697.0838711294,20180627,-0.0063964141034859034
1408881.343337414,20180628,0.0015527575135605431
1409530.4840630875,20180629,0.0004607490394725744
1408264.2225235975,20180702,-0.0008983569733376218
1408264.2225235975,20180703,0.0
1408264.2225235975,20180705,0.0
1409042.809340879,20180706,0.000552869841347281
1416751.4025677019,20180709,0.005470801295546668
1421857.052974543,20180710,0.0036037729679234687
1408585.6337219174,20180711,-0.009333863221244187
1421238.6372319683,20180712,0.008982771943099932
1426929.8664936188,20180713,0.004004414960695701
1429879.5974140181,20180716,0.00206718703537101
1438033.9261341197,20180717,0.005702807939108379
1439490.0082270692,20180718,0.0010125505848557204
1429911.9953103182,20180719,-0.006653754358842412
1430360.7773055178,20180720,0.00031385287812923934
1430651.5093037174,20180723,0.00020325780936691906
1445813.4123220197,20180724,0.010597900970084284
1455128.5938311704,20180725,0.0064428656075268265
1461171.0018419712,20180726,0.004152490739592896
1458078.5298437716,20180727,-0.0021164340069035337
1448398.3918389708,20180730,-0.006638968894108865
1457300.6798497722,20180731,0.006146297911514997
1451030.438337621,20180801,-0.004302640902354882
1449579.4373626015,20180802,-0.000999979694900066
1449579.4373626015,20180803,0.0
1449579.4373626015,20180806,0.0
1449579.4373626015,20180807,0.0
1449579.4373626015,20180808,0.0
1449579.4373626015,20180809,0.0
1449579.4373626015,20180810,0.0
1449579.4373626015,20180813,0.0
1449579.4373626015,20180814,0.0
1449579.4373626015,20180815,0.0
1449579.4373626015,20180816,0.0
1449579.4373626015,20180817,0.0
1449579.4373626015,20180820,0.0
1449579.4373626015,20180821,0.0
1449579.4373626015,20180822,0.0
1447810.9307976454,20180823,-0.0012200135566036163
1450662.9947607415,20180824,0.001969914650060467
1461188.5696986357,20180827,0.007255699618663236
1461213.389173283,20180828,1.698581220921369e-05
1465216.2440613718,20180829,0.0027394047424884604
1457807.0460127704,20180830,-0.005056726663133504
1456349.2444417172,20180831,-0.000999996244386736
1456349.2444417172,20180904,0.0
1456271.4452508974,20180905,-5.3420696386252686e-05
1455633.4299493674,20180906,-0.000438115643625836
1453049.5816460373,20180907,-0.0017750679877007736
1450936.5137465475,20180910,-0.0014542297291025852
1455896.8986448369,20180911,0.0034187470308268963
1454468.563131786,20180912,-0.0009810691364068314
1454468.563131786,20180913,0.0
1454468.563131786,20180914,0.0
1454468.563131786,20180917,0.0
1456039.3123646094,20180918,0.001079947186648944
1455751.2283235053,20180919,-0.000197854576217682
1458533.9152652994,20180920,0.0019115126868198828
1459792.469762149,20180921,0.0008628901142972989
1453627.1345578288,20180924,-0.004223432667333049
1451910.8605086238,20180925,-0.0011806838276495757
1442930.5322940182,20180926,-0.006185178759155807
1443541.2786306157,20180927,0.00042326801112624324
1442097.7773601357,20180928,-0.000999972284720041
1442097.7773601357,20181001,0.0
1442097.7773601357,20181002,0.0
1442097.7773601357,20181003,0.0
1441344.726994881,20181004,-0.0005221909201145181
1441233.9800577876,20181005,-7.683584295914425e-05
1441233.9800577876,20181008,0.0
1441233.9800577876,20181009,0.0
1441233.9800577876,20181010,0.0
1441233.9800577876,20181011,0.0
1441686.081879459,20181012,0.0003136907871499339
1441255.0050133697,20181015,-0.000299008828279268
1443707.48935424,20181016,0.001701631100908152
1442669.8572720643,20181017,-0.0007187273667464966
1442375.88512825,20181018,-0.00020376951963918533
1442375.88512825,20181019,0.0
1442375.88512825,20181022,0.0
1442375.88512825,20181023,0.0
1442375.88512825,20181024,0.0
1442375.88512825,20181025,0.0
1442375.88512825,20181026,0.0
1442375.88512825,20181029,0.0
1442375.88512825,20181030,0.0
1442375.88512825,20181031,0.0
1442375.88512825,20181101,0.0
1442375.88512825,20181102,0.0
1442375.88512825,20181105,0.0
1442375.88512825,20181106,0.0
1442375.88512825,20181107,0.0
1442375.88512825,20181108,0.0
1442375.88512825,20181109,0.0
1442375.88512825,20181112,0.0
1442375.88512825,20181113,0.0
1442375.88512825,20181114,0.0
1442375.88512825,20181115,0.0
1442375.88512825,20181116,0.0
1442375.88512825,20181119,0.0
1442375.88512825,20181120,0.0
1442375.88512825,20181121,0.0
1442375.88512825,20181123,0.0
1442375.88512825,20181126,0.0
1442375.88512825,20181127,0.0
1442375.88512825,20181128,0.0
1442375.88512825,20181129,0.0
1442375.88512825,20181130,0.0
1442375.88512825,20181203,0.0
1442375.88512825,20181204,0.0
1442375.88512825,20181206,0.0
1442375.88512825,20181207,0.0
1442375.88512825,20181210,0.0
1442375.88512825,20181211,0.0
1442375.88512825,20181212,0.0
1442375.88512825,20181213,0.0
1442375.88512825,20181214,0.0
1442375.88512825,20181217,0.0
1442375.88512825,20181218,0.0
1442375.88512825,20181219,0.0
1442375.88512825,20181220,0.0
1442375.88512825,20181221,0.0
1442375.88512825,20181224,0.0
1446127.6523688186,20181226,0.0026011023057521676
1446040.192022747,20181227,-6.04789943187134e-05
1446040.192022747,20181228,0.0
1446040.192022747,20181231,0.0
1446040.192022747,20190102,0.0
1446040.192022747,20190103,0.0
1446040.192022747,20190104,0.0
1447024.355230089,20190107,0.0006805918761949581
1448279.1644924826,20190108,0.0008671652677152419
1448967.85775134,20190109,0.0004755252134684973
1450708.5179124363,20190110,0.0012013104029773292
1449577.8473578063,20190111,-0.0007793919596316146
1447358.855264501,20190114,-0.0015307850470741569
1449357.626704577,20190115,0.0013809784856089191
1452066.481317789,20190116,0.0018690035939379346
1458165.3269221985,20190117,0.004200114583510439
1466953.3148874894,20190118,0.00602674319779628
1456609.8647861932,20190122,-0.007050974285496947
1459393.3219471336,20190123,0.0019109146712725789
1458452.2397086946,20190124,-0.0006448448298936871
1465971.1507160075,20190125,0.005155404340710268
1458485.8878969015,20190128,-0.005106009634261888
1461022.960717639,20190129,0.0017395251073673013
1481881.9262376903,20190130,0.014276959418766166
1478856.3335176497,20190131,-0.002041723207814705
1482032.3564828862,20190201,0.002147621032045688
1490593.997592157,20190204,0.0057769596404688706
1502184.0623585656,20190205,0.007775467219867105
1501348.7629223387,20190206,-0.0005560566492200936
1488024.042791279,20190207,-0.00887516642377173
1481942.8241780002,20190208,-0.004086774432670803
1479485.7079356904,20190211,-0.0016580371403145389
1504234.6295131154,20190212,0.01672805721925963
1510956.5382146756,20190213,0.004468657062984827
1503193.2875996938,20190214,-0.005137970827509553
1529525.7626580852,20190215,0.017517690689291987
1528911.001691159,20190219,-0.000401929135118162
1533501.4378878353,20190220,0.003002422110638614
1525506.6130956758,20190221,-0.005213444601115724
1537176.189726556,20190222,0.007649640146232706
1543628.9248980198,20190225,0.0041977850129280014
1543929.7068088604,20190226,0.0001948537669831385
1549796.0173267706,20190227,0.0037995968935886637
1549635.5676217496,20190228,-0.00010352956339232389
1553742.591797436,20190301,0.0026503161527129393
1541584.1680188375,20190304,-0.00782524971818721
1539078.3243910854,20190305,-0.0016254990676067838
1530415.4041571587,20190306,-0.005628641568553139
1518082.8839356825,20190307,-0.008058282860964883
1516133.211987544,20190308,-0.0012842987486189061
1514313.8830314032,20190311,-0.001199979620363223
1494909.8539628612,20190312,-0.012813743099084784
1503261.541091874,20190313,0.005586749667127577
1500979.7275153159,20190314,-0.0015179085702550221
1510409.5495285962,20190315,0.006282444619615468
1510101.6438833931,20190318,-0.0002038557325720891
1510505.2647068931,20190319,0.00026728056693059443
1508453.4796538856,20190320,-0.0013583435297762625
1516907.898249813,20190321,0.0056046929586899275
1484923.4332197688,20190322,-0.02108530456394042
1492180.049774196,20190325,0.004886862441582318
1499720.212637307,20190326,0.005053118666378031
1499851.254074543,20190327,8.737725619223369e-05
1503873.35975658,20190328,0.0026816697129867784
1518812.216943643,20190329,0.009933587220057438
1546475.857872991,20190401,0.01821399684617786
1538261.901729099,20190402,-0.005311402762658957
1536723.6833002882,20190403,-0.0009999717389358453
1536723.6833002882,20190404,0.0
1536723.6833002882,20190405,0.0
1535077.5731849312,20190408,-0.0010711815879753672
1534931.2761779737,20190409,-9.530268014656951e-05
1534931.2761779737,20190410,0.0
1534931.2761779737,20190411,0.0
1534931.2761779737,20190412,0.0
1534931.2761779737,20190415,0.0
1534931.2761779737,20190416,0.0
1534931.2761779737,20190417,0.0
1534931.2761779737,20190418,0.0
1534931.2761779737,20190422,0.0
1534931.2761779737,20190423,0.0
1534931.2761779737,20190424,0.0
1534931.2761779737,20190425,0.0
1534931.2761779737,20190426,0.0
1534931.2761779737,20190429,0.0
1534931.2761779737,20190430,0.0
1534931.2761779737,20190501,0.0
1534931.2761779737,20190502,0.0
1534931.2761779737,20190503,0.0
1534931.2761779737,20190506,0.0
1534931.2761779737,20190507,0.0
1534931.2761779737,20190508,0.0
1534931.2761779737,20190509,0.0
1534931.2761779737,20190510,0.0
1534931.2761779737,20190513,0.0
1534931.2761779737,20190514,0.0
1534931.2761779737,20190515,0.0
1534931.2761779737,20190516,0.0
1534931.2761779737,20190517,0.0
1534931.2761779737,20190520,0.0
1534931.2761779737,20190521,0.0
1534931.2761779737,20190522,0.0
1534931.2761779737,20190523,0.0
1534931.2761779737,20190524,0.0
1534931.2761779737,20190528,0.0
1534931.2761779737,20190529,0.0
1534931.2761779737,20190530,0.0
1534931.2761779737,20190531,0.0
1534931.2761779737,20190603,0.0
1534931.2761779737,20190604,0.0
1534931.2761779737,20190605,0.0
1534931.2761779737,20190606,0.0
1534931.2761779737,20190607,0.0
1534931.2761779737,20190610,0.0
1534931.2761779737,20190611,0.0
1534931.2761779737,20190612,0.0
1534931.2761779737,20190613,0.0
1534931.2761779737,20190614,0.0
1534931.2761779737,20190617,0.0
1534931.2761779737,20190618,0.0
1534931.2761779737,20190619,0.0
1534931.2761779737,20190620,0.0
1534931.2761779737,20190621,0.0
1534931.2761779737,20190624,0.0
1534931.2761779737,20190625,0.0
1534931.2761779737,20190626,0.0
1534166.819038579,20190627,-0.0004980399782446021
1535296.305878552,20190628,0.000736221658529157
1537382.73858731,20190701,0.0013589772220314877
1539135.0614387568,20190702,0.0011398091102914343
1542468.5868352412,20190703,0.0021658433233067154
1542255.9018155069,20190705,-0.0001378861271792431
1542255.9018155069,20190708,0.0
1539352.6960217785,20190709,-0.0018824410334956632
1543564.9464950245,20190710,0.0027363777541897782
1559565.5296656096,20190711,0.01036599283167039
1558138.3265749163,20190712,-0.0009151286454756047
1558138.3265749163,20190715,0.0
1558138.3265749163,20190716,0.0
1558138.3265749163,20190717,0.0
1557817.344574916,20190718,-0.00020600353288646733
1557076.3685749162,20190719,-0.0004756501155801507
1557742.605574916,20190722,0.00042787689380285876
1563627.5155749163,20190723,0.003777844926972751
1555854.9106449164,20190724,-0.004970880118556953
1554299.0615549162,20190725,-0.000999996258876923
1554299.0615549162,20190726,0.0
1554299.0615549162,20190729,0.0
1554299.0615549162,20190730,0.0
1554299.0615549162,20190731,0.0
1550850.949554916,20190801,-0.0022184353611786056
1550542.974554916,20190802,-0.000198584525539669
1540881.977554916,20190805,-0.006230718631177079
1548550.3345549162,20190806,0.004976602433995891
1546547.7085549159,20190807,-0.0012932262873948108
1545644.5315549162,20190808,-0.0005839955631524729
1545644.5315549162,20190809,0.0
1545644.5315549162,20190812,0.0
1545644.5315549162,20190813,0.0
1545644.5315549162,20190814,0.0
1545644.5315549162,20190815,0.0
1545644.5315549162,20190816,0.0
1545644.5315549162,20190819,0.0
1545644.5315549162,20190820,0.0
1545644.5315549162,20190821,0.0
1545644.5315549162,20190822,0.0
1545644.5315549162,20190823,0.0
1545644.5315549162,20190826,0.0
1545644.5315549162,20190827,0.0
1545644.5315549162,20190828,0.0
1545644.5315549162,20190829,0.0
1545644.5315549162,20190830,0.0
1545644.5315549162,20190903,0.0
1545644.5315549162,20190904,0.0
1545644.5315549162,20190905,0.0
1545644.5315549162,20190906,0.0
1545644.5315549162,20190909,0.0
1545644.5315549162,20190910,0.0
1545644.5315549162,20190911,0.0
1545644.5315549162,20190912,0.0
1545644.5315549162,20190913,0.0
1545644.5315549162,20190916,0.0
1545644.5315549162,20190917,0.0
1545644.5315549162,20190918,0.0
1545644.5315549162,20190919,0.0
1545644.5315549162,20190920,0.0
1545644.5315549162,20190923,0.0
1545644.5315549162,20190924,0.0
1545644.5315549162,20190925,0.0
1545644.5315549162,20190926,0.0
1545644.5315549162,20190927,0.0
1545644.5315549162,20190930,0.0
1545644.5315549162,20191001,0.0
1545644.5315549162,20191002,0.0
1545644.5315549162,20191003,0.0
1545644.5315549162,20191004,0.0
1545045.7935549156,20191007,-0.00038737108550968014
1544865.4735549155,20191008,-0.00011670851488820855
1544865.4735549155,20191009,0.0
1544865.4735549155,20191010,0.0
1544865.4735549155,20191011,0.0
1544865.4735549155,20191014,0.0
1544865.4735549155,20191015,0.0
1544865.4735549155,20191016,0.0
1544865.4735549155,20191017,0.0
1544865.4735549155,20191018,0.0
1544865.4735549155,20191021,0.0
1544865.4735549155,20191022,0.0
1544865.4735549155,20191023,0.0
1544865.4735549155,20191024,0.0
1544865.4735549155,20191025,0.0
1544865.4735549155,20191028,0.0
1544865.4735549155,20191029,0.0
1544865.4735549155,20191030,0.0
1544865.4735549155,20191031,0.0
1544865.4735549155,20191101,0.0
1544865.4735549155,20191104,0.0
1544865.4735549155,20191105,0.0
1544865.4735549155,20191106,0.0
1544865.4735549155,20191107,0.0
1544865.4735549155,20191108,0.0
1544865.4735549155,20191111,0.0
1544865.4735549155,20191112,0.0
1544869.491554916,20191113,2.60087371306561e-06
1544687.3235549163,20191114,-0.00011791805132754796
1544687.3235549163,20191115,0.0
1544687.3235549163,20191118,0.0
1544687.3235549163,20191119,0.0
1544687.3235549163,20191120,0.0
1544687.3235549163,20191121,0.0
1544687.3235549163,20191122,0.0
1544687.3235549163,20191125,0.0
1544687.3235549163,20191126,0.0
1544687.3235549163,20191127,0.0
1544687.3235549163,20191129,0.0
1544687.3235549163,20191202,0.0
1544687.3235549163,20191203,0.0
1544687.3235549163,20191204,0.0
1544687.3235549163,20191205,0.0
1544687.3235549163,20191206,0.0
1544687.3235549163,20191209,0.0
1544687.3235549163,20191210,0.0
1544687.3235549163,20191211,0.0
1544687.3235549163,20191212,0.0
1544687.3235549163,20191213,0.0
1544687.3235549163,20191216,0.0
1544687.3235549163,20191217,0.0
1544687.3235549163,20191218,0.0
1544687.3235549163,20191219,0.0
1544687.3235549163,20191220,0.0
1544687.3235549163,20191223,0.0
1544687.3235549163,20191224,0.0
1544687.3235549163,20191226,0.0
1544687.3235549163,20191227,0.0
1544687.3235549163,20191230,0.0
1544687.3235549163,20191231,0.0
1544687.3235549163,20200102,0.0
1544687.3235549163,20200103,0.0
1544687.3235549163,20200106,0.0
1543893.0318523953,20200107,-0.0005142087271701179
1545243.8040626266,20200108,0.0008749130816469997
1544989.8818660742,20200109,-0.00016432500546825768
1543717.661508233,20200110,-0.0008234489900377229
1543558.2713255852,20200113,-0.00010325086421059115
1543558.2713255852,20200114,0.0
1543558.2713255852,20200115,0.0
1543558.2713255852,20200116,0.0
1543558.2713255852,20200117,0.0
1543558.2713255852,20200121,0.0
1543558.2713255852,20200122,0.0
1543558.2713255852,20200123,0.0
1543558.2713255852,20200124,0.0
1543558.2713255852,20200127,0.0
1543558.2713255852,20200128,0.0
1543558.2713255852,20200129,0.0
1543558.2713255852,20200130,0.0
1543558.2713255852,20200131,0.0
1543558.2713255852,20200203,0.0
1543558.2713255852,20200204,0.0
1543558.2713255852,20200205,0.0
1543558.2713255852,20200206,0.0
1543558.2713255852,20200207,0.0
1543558.2713255852,20200210,0.0
1543558.2713255852,20200211,0.0
1543558.2713255852,20200212,0.0
1543558.2713255852,20200213,0.0
1543558.2713255852,20200214,0.0
1543558.2713255852,20200218,0.0
1543558.2713255852,20200219,0.0
1543558.2713255852,20200220,0.0
1543558.2713255852,20200221,0.0
1539380.1237245032,20200224,-0.0027068285523771385
1533531.8313798138,20200225,-0.0037991216428984176
1533381.3304699769,20200226,-9.814006253883178e-05
1533381.3304699769,20200227,0.0
1533368.4831801448,20200228,-8.378405016884471e-06
1533291.5734458596,20200302,-5.015737256164332e-05
1533291.5734458596,20200303,0.0
1533291.5734458596,20200304,0.0
1533291.5734458596,20200305,0.0
1533291.5734458596,20200306,0.0
1533291.5734458596,20200309,0.0
1533291.5734458596,20200310,0.0
1533291.5734458596,20200311,0.0
1533291.5734458596,20200312,0.0
1533291.5734458596,20200313,0.0
1533291.5734458596,20200316,0.0
1533291.5734458596,20200317,0.0
1533291.5734458596,20200318,0.0
1533291.5734458596,20200319,0.0
1533291.5734458596,20200320,0.0
1533291.5734458596,20200323,0.0
1533291.5734458596,20200324,0.0
1533291.5734458596,20200325,0.0
1533291.5734458596,20200326,0.0
1533291.5734458596,20200327,0.0
1533291.5734458596,20200330,0.0
1533291.5734458596,20200331,0.0
1533291.5734458596,20200401,0.0
1533291.5734458596,20200402,0.0
1533291.5734458596,20200403,0.0
1533291.5734458596,20200406,0.0
1533239.117174613,20200407,-3.4211543423978696e-05
1533125.7080455152,20200408,-7.39670204258358e-05
1533125.7080455152,20200409,0.0
1533125.7080455152,20200413,0.0
1533125.7080455152,20200414,0.0
1533125.7080455152,20200415,0.0
1533125.7080455152,20200416,0.0
1533125.7080455152,20200417,0.0
1533125.7080455152,20200420,0.0
1533125.7080455152,20200421,0.0
1533125.7080455152,20200422,0.0
1533125.7080455152,20200423,0.0
1533125.7080455152,20200424,0.0
1533125.7080455152,20200427,0.0
1533125.7080455152,20200428,0.0
1533125.7080455152,20200429,0.0
1533125.7080455152,20200430,0.0
1533125.7080455152,20200501,0.0
1533125.7080455152,20200504,0.0
1533125.7080455152,20200505,0.0
1533125.7080455152,20200506,0.0
1533125.7080455152,20200507,0.0
1533125.7080455152,20200508,0.0
1533125.7080455152,20200511,0.0
1533125.7080455152,20200512,0.0
1533125.7080455152,20200513,0.0
1533125.7080455152,20200514,0.0
1533125.7080455152,20200515,0.0
1533125.7080455152,20200518,0.0
1533125.7080455152,20200519,0.0
1533125.7080455152,20200520,0.0
1533125.7080455152,20200521,0.0
1533125.7080455152,20200522,0.0
1533125.7080455152,20200526,0.0
1533125.7080455152,20200527,0.0
1533125.7080455152,20200528,0.0
1533261.2188060381,20200529,8.838855144865931e-05
1533759.2586778803,20200601,0.0003248238889326238
1533605.5674624552,20200602,-0.00010020556652257095
1533605.5674624552,20200603,0.0
1533605.5674624552,20200604,0.0
1538117.4783128442,20200605,0.002942028215152215
1537977.9258436812,20200608,-9.07293955959565e-05
1537977.9258436812,20200609,0.0
1537977.9258436812,20200610,0.0
1537977.9258436812,20200611,0.0
1537977.9258436812,20200612,0.0
1537977.9258436812,20200615,0.0
1537977.9258436812,20200616,0.0
1537977.9258436812,20200617,0.0
1537977.9258436812,20200618,0.0
1537977.9258436812,20200619,0.0
1537977.9258436812,20200622,0.0
1537977.9258436812,20200623,0.0
1537977.9258436812,20200624,0.0
1537977.9258436812,20200625,0.0
1537977.9258436812,20200626,0.0
1537977.9258436812,20200629,0.0
1537977.9258436812,20200630,0.0
1537977.9258436812,20200701,0.0
1537977.9258436812,20200702,0.0
1537977.9258436812,20200706,0.0
